<annotation>
	<folder>Tiger</folder>
	<filename>Tiger_16.jpg</filename>
	<path>C:\Users\tural\OneDrive\Рабочий стол\Final_Dataset\Train\Tiger\Tiger_16.jpg</path>
	<source>
		<database>Unknown</database>
	</source>
	<size>
		<width>640</width>
		<height>860</height>
		<depth>3</depth>
	</size>
	<segmented>0</segmented>
	<object>
		<name>tiger</name>
		<pose>Unspecified</pose>
		<truncated>0</truncated>
		<difficult>0</difficult>
		<bndbox>
			<xmin>268</xmin>
			<ymin>382</ymin>
			<xmax>352</xmax>
			<ymax>578</ymax>
		</bndbox>
	</object>
</annotation>
