<annotation>
	<folder>Zero</folder>
	<filename>Zero_6.jpg</filename>
	<path>C:\Users\tural\OneDrive\Рабочий стол\Final_Dataset\Train\Zero\Zero_6.jpg</path>
	<source>
		<database>Unknown</database>
	</source>
	<size>
		<width>1280</width>
		<height>720</height>
		<depth>3</depth>
	</size>
	<segmented>0</segmented>
	<object>
		<name>zero</name>
		<pose>Unspecified</pose>
		<truncated>0</truncated>
		<difficult>0</difficult>
		<bndbox>
			<xmin>428</xmin>
			<ymin>289</ymin>
			<xmax>777</xmax>
			<ymax>546</ymax>
		</bndbox>
	</object>
</annotation>
