<annotation>
	<folder>Zero</folder>
	<filename>Zero_38.jpg</filename>
	<path>C:\Users\tural\OneDrive\Рабочий стол\Final_Dataset\Train\Zero\Zero_38.jpg</path>
	<source>
		<database>Unknown</database>
	</source>
	<size>
		<width>640</width>
		<height>860</height>
		<depth>3</depth>
	</size>
	<segmented>0</segmented>
	<object>
		<name>zero</name>
		<pose>Unspecified</pose>
		<truncated>0</truncated>
		<difficult>0</difficult>
		<bndbox>
			<xmin>156</xmin>
			<ymin>446</ymin>
			<xmax>425</xmax>
			<ymax>610</ymax>
		</bndbox>
	</object>
</annotation>
